{"stats":{"minecraft:mined":{"minecraft:grass":1},"minecraft:picked_up":{"minecraft:carrot":21},"minecraft:crafted":{"minecraft:iron_sword":1,"minecraft:iron_axe":1,"minecraft:iron_leggings":1,"minecraft:stick":8,"minecraft:iron_pickaxe":1,"minecraft:iron_helmet":1,"minecraft:iron_boots":1},"minecraft:custom":{"minecraft:jump":77,"minecraft:open_chest":2,"minecraft:time_since_rest":3186,"minecraft:interact_with_furnace":1,"minecraft:crouch_one_cm":837,"minecraft:sprint_one_cm":14263,"minecraft:play_time":3186,"minecraft:damage_taken":10,"minecraft:time_since_death":3186,"minecraft:walk_one_cm":3438,"minecraft:sneak_time":216,"minecraft:total_world_time":3186,"minecraft:interact_with_crafting_table":1,"minecraft:fall_one_cm":962,"minecraft:fly_one_cm":12594}},"DataVersion":3465}