{"stats":{"minecraft:mined":{"minecraft:oak_log":5},"minecraft:used":{"minecraft:stone_brick_stairs":1,"minecraft:oak_trapdoor":1,"minecraft:bedrock":16,"minecraft:water_bucket":13,"minecraft:dirt":11,"minecraft:cobblestone":9,"minecraft:hopper":4,"minecraft:command_block":1,"minecraft:crafting_table":1,"minecraft:bucket":4,"minecraft:white_bed":3,"minecraft:chest":3,"minecraft:stone":56,"minecraft:granite":14,"minecraft:gravel":3},"minecraft:picked_up":{"minecraft:oak_stairs":1,"minecraft:oak_log":9,"minecraft:dirt":11,"minecraft:cobblestone":2},"minecraft:crafted":{"minecraft:oak_planks":8,"minecraft:crafting_table":1},"minecraft:custom":{"minecraft:open_chest":9,"minecraft:time_since_rest":80683,"minecraft:crouch_one_cm":273,"minecraft:sprint_one_cm":15305,"minecraft:play_time":80683,"minecraft:damage_taken":240,"minecraft:walk_one_cm":45700,"minecraft:sneak_time":716,"minecraft:walk_under_water_one_cm":1800,"minecraft:jump":130,"minecraft:inspect_hopper":1,"minecraft:damage_dealt":37,"minecraft:walk_on_water_one_cm":6028,"minecraft:leave_game":2,"minecraft:time_since_death":80683,"minecraft:total_world_time":80683,"minecraft:fall_one_cm":269,"minecraft:interact_with_crafting_table":1,"minecraft:fly_one_cm":165129}},"DataVersion":3465}