{"stats":{"minecraft:mined":{"minecraft:oak_log":5},"minecraft:used":{"minecraft:bedrock":16,"minecraft:dirt":11,"minecraft:hopper":1,"minecraft:command_block":1,"minecraft:crafting_table":1,"minecraft:white_bed":3,"minecraft:chest":3,"minecraft:stone":3,"minecraft:granite":14,"minecraft:gravel":3},"minecraft:picked_up":{"minecraft:oak_stairs":1,"minecraft:oak_log":9,"minecraft:dirt":11,"minecraft:cobblestone":2},"minecraft:crafted":{"minecraft:oak_planks":8,"minecraft:crafting_table":1},"minecraft:custom":{"minecraft:open_chest":2,"minecraft:time_since_rest":68683,"minecraft:crouch_one_cm":63,"minecraft:sprint_one_cm":4525,"minecraft:play_time":68683,"minecraft:damage_taken":160,"minecraft:walk_one_cm":21881,"minecraft:sneak_time":110,"minecraft:jump":57,"minecraft:damage_dealt":37,"minecraft:leave_game":2,"minecraft:time_since_death":68683,"minecraft:total_world_time":68683,"minecraft:fall_one_cm":269,"minecraft:interact_with_crafting_table":1,"minecraft:fly_one_cm":42286}},"DataVersion":3465}