{"stats":{"minecraft:custom":{"minecraft:interact_with_furnace":9,"minecraft:mob_kills":17,"minecraft:inspect_hopper":4,"minecraft:interact_with_crafting_table":5,"minecraft:leave_game":3,"minecraft:time_since_death":9705,"minecraft:time_since_rest":9727,"minecraft:sprint_one_cm":98886,"minecraft:damage_taken":1709,"minecraft:walk_one_cm":175294,"minecraft:damage_blocked_by_shield":900,"minecraft:damage_dealt":3391,"minecraft:fly_one_cm":325171,"minecraft:open_chest":32,"minecraft:crouch_one_cm":1300,"minecraft:play_time":144110,"minecraft:deaths":3,"minecraft:sneak_time":1289,"minecraft:walk_under_water_one_cm":2862,"minecraft:jump":876,"minecraft:interact_with_blast_furnace":2,"minecraft:walk_on_water_one_cm":17164,"minecraft:total_world_time":144110,"minecraft:fall_one_cm":20629},"minecraft:picked_up":{"minecraft:iron_chestplate":3,"minecraft:wheat":19,"minecraft:water_bucket":2,"minecraft:potato":30,"minecraft:oak_stairs":1,"minecraft:oak_log":14,"minecraft:shield":3,"minecraft:cornflower":4,"minecraft:dirt":66,"minecraft:wooden_sword":1,"minecraft:iron_leggings":3,"minecraft:bone":10,"minecraft:beetroot":4,"minecraft:wheat_seeds":52,"minecraft:bucket":1,"minecraft:iron_ingot":107,"minecraft:iron_pickaxe":2,"minecraft:chest":4,"minecraft:iron_sword":2,"minecraft:iron_boots":3,"minecraft:furnace":3,"minecraft:stick":22,"minecraft:raw_iron":32,"minecraft:carrot":43,"minecraft:iron_hoe":2,"minecraft:arrow":6,"minecraft:rotten_flesh":53,"minecraft:beetroot_seeds":8,"minecraft:iron_helmet":3,"minecraft:bone_meal":1,"minecraft:bread":18,"minecraft:coal":213,"minecraft:hopper":5,"minecraft:cobblestone":342},"minecraft:killed":{"minecraft:spider":1,"minecraft:skeleton":3,"minecraft:zombie":11,"minecraft:enderman":1},"minecraft:crafted":{"minecraft:oak_planks":20,"minecraft:crafting_table":2,"minecraft:iron_sword":1,"minecraft:air":0,"minecraft:iron_hoe":1,"minecraft:stick":16,"minecraft:iron_ingot":8,"minecraft:iron_pickaxe":1},"minecraft:broken":{"minecraft:wooden_sword":1},"minecraft:used":{"minecraft:oak_trapdoor":1,"minecraft:wheat_seeds":12,"minecraft:water_bucket":24,"minecraft:chest":6,"minecraft:shield":35,"minecraft:iron_sword":22,"minecraft:stone":72,"minecraft:oak_door":2,"minecraft:iron_chestplate":1,"minecraft:dirt":14,"minecraft:crafting_table":2,"minecraft:hopper":9,"minecraft:carrot":50,"minecraft:white_bed":3,"minecraft:granite":14,"minecraft:oak_log":2,"minecraft:iron_hoe":20,"minecraft:diamond_pickaxe":31,"minecraft:lava_bucket":12,"minecraft:apple":1,"minecraft:command_block":1,"minecraft:bread":3,"minecraft:iron_pickaxe":273,"minecraft:iron_helmet":2,"minecraft:iron_boots":2,"minecraft:gravel":3,"minecraft:stone_brick_stairs":1,"minecraft:diamond_chestplate":1,"minecraft:bedrock":16,"minecraft:wooden_sword":60,"minecraft:cobblestone":34,"minecraft:furnace":4,"minecraft:bucket":19,"minecraft:potato":43,"minecraft:bone_meal":1,"minecraft:iron_leggings":2},"minecraft:mined":{"minecraft:grass_block":5,"minecraft:chest":1,"minecraft:cobblestone":38,"minecraft:tall_grass":1,"minecraft:hopper":5,"minecraft:furnace":1,"minecraft:carrots":14,"minecraft:iron_ore":30,"minecraft:wheat":7,"minecraft:fire":1,"minecraft:grass":2,"minecraft:coal_ore":121,"minecraft:potatoes":2,"minecraft:oak_log":5,"minecraft:dirt_path":1,"minecraft:dirt":2,"minecraft:stone":100,"minecraft:oak_leaves":2},"minecraft:killed_by":{"minecraft:zombie":2,"minecraft:enderman":1}},"DataVersion":3465}