{"stats":{"minecraft:picked_up":{"minecraft:oak_log":3},"minecraft:custom":{"minecraft:jump":14,"minecraft:time_since_rest":25107,"minecraft:sprint_one_cm":2513,"minecraft:leave_game":1,"minecraft:play_time":25107,"minecraft:time_since_death":25107,"minecraft:walk_one_cm":9487,"minecraft:sneak_time":83,"minecraft:total_world_time":25107,"minecraft:fly_one_cm":36521},"minecraft:mined":{"minecraft:oak_log":3},"minecraft:used":{"minecraft:bedrock":14,"minecraft:command_block":1}},"DataVersion":3465}