{"stats":{"minecraft:mined":{"minecraft:oak_log":3},"minecraft:used":{"minecraft:white_bed":3,"minecraft:bedrock":14,"minecraft:command_block":1},"minecraft:picked_up":{"minecraft:oak_log":3},"minecraft:custom":{"minecraft:jump":25,"minecraft:time_since_rest":44683,"minecraft:damage_dealt":10,"minecraft:crouch_one_cm":41,"minecraft:leave_game":2,"minecraft:play_time":44683,"minecraft:sprint_one_cm":2679,"minecraft:time_since_death":44683,"minecraft:walk_one_cm":13447,"minecraft:sneak_time":90,"minecraft:total_world_time":44683,"minecraft:fly_one_cm":36628}},"DataVersion":3465}