{"stats":{"minecraft:custom":{"minecraft:interact_with_furnace":6,"minecraft:mob_kills":4,"minecraft:inspect_hopper":4,"minecraft:interact_with_crafting_table":3,"minecraft:leave_game":3,"minecraft:time_since_death":12665,"minecraft:time_since_rest":12692,"minecraft:sprint_one_cm":60624,"minecraft:damage_taken":779,"minecraft:walk_one_cm":120081,"minecraft:damage_blocked_by_shield":280,"minecraft:damage_dealt":827,"minecraft:fly_one_cm":289057,"minecraft:open_chest":23,"minecraft:crouch_one_cm":1234,"minecraft:play_time":120110,"minecraft:deaths":1,"minecraft:sneak_time":1247,"minecraft:walk_under_water_one_cm":2808,"minecraft:jump":618,"minecraft:interact_with_blast_furnace":1,"minecraft:walk_on_water_one_cm":14751,"minecraft:total_world_time":120110,"minecraft:fall_one_cm":13773},"minecraft:picked_up":{"minecraft:iron_chestplate":1,"minecraft:wheat":7,"minecraft:potato":30,"minecraft:oak_stairs":1,"minecraft:oak_log":14,"minecraft:shield":1,"minecraft:cornflower":2,"minecraft:dirt":29,"minecraft:wooden_sword":1,"minecraft:iron_leggings":1,"minecraft:bone":1,"minecraft:beetroot":2,"minecraft:wheat_seeds":22,"minecraft:bucket":1,"minecraft:iron_ingot":35,"minecraft:chest":1,"minecraft:iron_boots":1,"minecraft:furnace":3,"minecraft:raw_iron":5,"minecraft:carrot":28,"minecraft:rotten_flesh":11,"minecraft:beetroot_seeds":4,"minecraft:iron_helmet":1,"minecraft:bone_meal":1,"minecraft:bread":6,"minecraft:coal":63,"minecraft:hopper":5,"minecraft:cobblestone":145},"minecraft:killed":{"minecraft:skeleton":1,"minecraft:zombie":3},"minecraft:crafted":{"minecraft:oak_planks":20,"minecraft:crafting_table":2,"minecraft:iron_hoe":1,"minecraft:stick":4,"minecraft:iron_pickaxe":1},"minecraft:used":{"minecraft:oak_trapdoor":1,"minecraft:wheat_seeds":5,"minecraft:water_bucket":24,"minecraft:chest":4,"minecraft:shield":10,"minecraft:stone":72,"minecraft:oak_door":2,"minecraft:iron_chestplate":1,"minecraft:dirt":13,"minecraft:crafting_table":2,"minecraft:hopper":9,"minecraft:carrot":34,"minecraft:white_bed":3,"minecraft:granite":14,"minecraft:oak_log":2,"minecraft:iron_hoe":16,"minecraft:lava_bucket":12,"minecraft:apple":1,"minecraft:command_block":1,"minecraft:iron_pickaxe":100,"minecraft:iron_helmet":2,"minecraft:iron_boots":2,"minecraft:gravel":3,"minecraft:stone_brick_stairs":1,"minecraft:bedrock":16,"minecraft:wooden_sword":22,"minecraft:cobblestone":26,"minecraft:furnace":2,"minecraft:bucket":19,"minecraft:potato":43,"minecraft:bone_meal":1,"minecraft:iron_leggings":2},"minecraft:mined":{"minecraft:grass_block":3,"minecraft:cobblestone":12,"minecraft:tall_grass":1,"minecraft:hopper":5,"minecraft:furnace":1,"minecraft:carrots":9,"minecraft:iron_ore":5,"minecraft:wheat":5,"minecraft:fire":1,"minecraft:grass":1,"minecraft:potatoes":2,"minecraft:oak_log":5,"minecraft:dirt_path":1,"minecraft:stone":72,"minecraft:oak_leaves":2},"minecraft:killed_by":{"minecraft:zombie":1}},"DataVersion":3465}