{"stats":{"minecraft:mined":{"minecraft:oak_log":3},"minecraft:used":{"minecraft:white_bed":3,"minecraft:bedrock":16,"minecraft:dirt":5,"minecraft:stone":3,"minecraft:granite":14,"minecraft:gravel":3,"minecraft:command_block":1},"minecraft:picked_up":{"minecraft:oak_log":3},"minecraft:custom":{"minecraft:jump":42,"minecraft:time_since_rest":56683,"minecraft:damage_dealt":10,"minecraft:crouch_one_cm":41,"minecraft:leave_game":2,"minecraft:play_time":56683,"minecraft:sprint_one_cm":2679,"minecraft:time_since_death":56683,"minecraft:walk_one_cm":15461,"minecraft:sneak_time":96,"minecraft:total_world_time":56683,"minecraft:fly_one_cm":36628}},"DataVersion":3465}