{"stats":{"minecraft:killed":{"minecraft:zombie":1},"minecraft:mined":{"minecraft:carrots":3,"minecraft:grass_block":2,"minecraft:oak_log":5,"minecraft:dirt_path":1,"minecraft:cobblestone":1,"minecraft:stone":59},"minecraft:used":{"minecraft:oak_trapdoor":1,"minecraft:water_bucket":13,"minecraft:apple":1,"minecraft:lava_bucket":10,"minecraft:command_block":1,"minecraft:iron_pickaxe":63,"minecraft:iron_helmet":1,"minecraft:chest":4,"minecraft:stone":72,"minecraft:iron_boots":1,"minecraft:gravel":3,"minecraft:stone_brick_stairs":1,"minecraft:iron_chestplate":1,"minecraft:bedrock":16,"minecraft:oak_door":2,"minecraft:dirt":13,"minecraft:cobblestone":9,"minecraft:crafting_table":1,"minecraft:hopper":4,"minecraft:furnace":1,"minecraft:carrot":11,"minecraft:bucket":6,"minecraft:white_bed":3,"minecraft:granite":14,"minecraft:iron_leggings":1},"minecraft:picked_up":{"minecraft:oak_stairs":1,"minecraft:oak_log":9,"minecraft:carrot":10,"minecraft:cornflower":1,"minecraft:dirt":13,"minecraft:rotten_flesh":2,"minecraft:beetroot":1,"minecraft:beetroot_seeds":2,"minecraft:cobblestone":4},"minecraft:crafted":{"minecraft:oak_planks":8,"minecraft:crafting_table":1},"minecraft:custom":{"minecraft:time_since_rest":92683,"minecraft:interact_with_furnace":5,"minecraft:sprint_one_cm":22473,"minecraft:damage_taken":240,"minecraft:walk_one_cm":65677,"minecraft:mob_kills":1,"minecraft:inspect_hopper":1,"minecraft:damage_dealt":111,"minecraft:interact_with_crafting_table":1,"minecraft:fly_one_cm":226342,"minecraft:open_chest":16,"minecraft:crouch_one_cm":412,"minecraft:play_time":92683,"minecraft:sneak_time":838,"minecraft:walk_under_water_one_cm":1954,"minecraft:jump":213,"minecraft:leave_game":2,"minecraft:time_since_death":92683,"minecraft:walk_on_water_one_cm":8888,"minecraft:total_world_time":92683,"minecraft:fall_one_cm":1314}},"DataVersion":3465}