{"stats":{"minecraft:killed":{"minecraft:zombie":2},"minecraft:mined":{"minecraft:furnace":1,"minecraft:carrots":3,"minecraft:grass_block":2,"minecraft:oak_log":5,"minecraft:dirt_path":1,"minecraft:tall_grass":1,"minecraft:cobblestone":12,"minecraft:stone":72,"minecraft:hopper":5},"minecraft:used":{"minecraft:oak_trapdoor":1,"minecraft:water_bucket":20,"minecraft:apple":1,"minecraft:lava_bucket":12,"minecraft:command_block":1,"minecraft:iron_pickaxe":93,"minecraft:iron_helmet":1,"minecraft:chest":4,"minecraft:stone":72,"minecraft:iron_boots":1,"minecraft:gravel":3,"minecraft:stone_brick_stairs":1,"minecraft:iron_chestplate":1,"minecraft:bedrock":16,"minecraft:oak_door":2,"minecraft:wooden_sword":6,"minecraft:dirt":13,"minecraft:cobblestone":25,"minecraft:crafting_table":1,"minecraft:hopper":9,"minecraft:furnace":2,"minecraft:carrot":18,"minecraft:bucket":14,"minecraft:white_bed":3,"minecraft:granite":14,"minecraft:iron_leggings":1},"minecraft:picked_up":{"minecraft:oak_stairs":1,"minecraft:oak_log":9,"minecraft:carrot":10,"minecraft:cornflower":1,"minecraft:dirt":13,"minecraft:rotten_flesh":4,"minecraft:beetroot":1,"minecraft:beetroot_seeds":2,"minecraft:hopper":5,"minecraft:cobblestone":79,"minecraft:furnace":1},"minecraft:crafted":{"minecraft:oak_planks":8,"minecraft:crafting_table":1},"minecraft:custom":{"minecraft:time_since_rest":104683,"minecraft:interact_with_furnace":5,"minecraft:sprint_one_cm":36618,"minecraft:damage_taken":344,"minecraft:walk_one_cm":81517,"minecraft:mob_kills":2,"minecraft:inspect_hopper":4,"minecraft:damage_dealt":270,"minecraft:interact_with_crafting_table":1,"minecraft:fly_one_cm":252634,"minecraft:open_chest":21,"minecraft:crouch_one_cm":1159,"minecraft:play_time":104683,"minecraft:sneak_time":1207,"minecraft:walk_under_water_one_cm":2808,"minecraft:jump":369,"minecraft:interact_with_blast_furnace":1,"minecraft:leave_game":2,"minecraft:time_since_death":104683,"minecraft:walk_on_water_one_cm":14573,"minecraft:total_world_time":104683,"minecraft:fall_one_cm":7029}},"DataVersion":3465}