{"stats":{"minecraft:custom":{"minecraft:interact_with_furnace":20,"minecraft:mob_kills":24,"minecraft:inspect_hopper":4,"minecraft:interact_with_crafting_table":7,"minecraft:leave_game":3,"minecraft:time_since_death":21705,"minecraft:time_since_rest":21727,"minecraft:sprint_one_cm":137114,"minecraft:damage_taken":1806,"minecraft:walk_one_cm":210515,"minecraft:damage_blocked_by_shield":1005,"minecraft:damage_dealt":5034,"minecraft:swim_one_cm":666,"minecraft:talked_to_villager":1,"minecraft:fly_one_cm":374380,"minecraft:open_chest":45,"minecraft:crouch_one_cm":1300,"minecraft:play_time":156110,"minecraft:deaths":3,"minecraft:sneak_time":1289,"minecraft:walk_under_water_one_cm":3226,"minecraft:jump":1181,"minecraft:interact_with_blast_furnace":2,"minecraft:walk_on_water_one_cm":22015,"minecraft:total_world_time":156110,"minecraft:fall_one_cm":26963},"minecraft:picked_up":{"minecraft:iron_chestplate":3,"minecraft:wheat":19,"minecraft:water_bucket":2,"minecraft:leather":1,"minecraft:lead":2,"minecraft:potato":31,"minecraft:oak_stairs":1,"minecraft:oak_log":14,"minecraft:shield":3,"minecraft:cornflower":4,"minecraft:dirt":71,"minecraft:wooden_sword":1,"minecraft:iron_leggings":3,"minecraft:bone":12,"minecraft:beetroot":4,"minecraft:wheat_seeds":52,"minecraft:bucket":1,"minecraft:iron_ingot":107,"minecraft:iron_pickaxe":2,"minecraft:chest":4,"minecraft:iron_sword":2,"minecraft:iron_boots":3,"minecraft:furnace":3,"minecraft:stick":22,"minecraft:raw_iron":34,"minecraft:carrot":74,"minecraft:iron_hoe":2,"minecraft:arrow":8,"minecraft:rotten_flesh":55,"minecraft:beetroot_seeds":8,"minecraft:hay_block":2,"minecraft:iron_helmet":3,"minecraft:bone_meal":1,"minecraft:bread":18,"minecraft:coal":243,"minecraft:hopper":5,"minecraft:cobblestone":355},"minecraft:killed":{"minecraft:spider":1,"minecraft:skeleton":5,"minecraft:trader_llama":2,"minecraft:zombie":14,"minecraft:enderman":1},"minecraft:crafted":{"minecraft:oak_planks":532,"minecraft:crafting_table":2,"minecraft:baked_potato":2,"minecraft:iron_sword":1,"minecraft:bread":2,"minecraft:air":0,"minecraft:iron_hoe":1,"minecraft:stick":144,"minecraft:iron_ingot":25,"minecraft:iron_pickaxe":1,"minecraft:torch":68},"minecraft:broken":{"minecraft:wooden_sword":1},"minecraft:used":{"minecraft:oak_trapdoor":1,"minecraft:wheat_seeds":12,"minecraft:water_bucket":24,"minecraft:chest":6,"minecraft:shield":39,"minecraft:iron_sword":53,"minecraft:stone":72,"minecraft:oak_door":2,"minecraft:iron_chestplate":1,"minecraft:torch":64,"minecraft:dirt":14,"minecraft:crafting_table":2,"minecraft:hopper":9,"minecraft:carrot":66,"minecraft:white_bed":3,"minecraft:granite":14,"minecraft:oak_log":2,"minecraft:iron_hoe":20,"minecraft:diamond_pickaxe":89,"minecraft:lava_bucket":12,"minecraft:apple":1,"minecraft:command_block":1,"minecraft:bread":3,"minecraft:iron_pickaxe":273,"minecraft:iron_helmet":2,"minecraft:iron_boots":2,"minecraft:gravel":3,"minecraft:stone_brick_stairs":1,"minecraft:diamond_chestplate":1,"minecraft:bedrock":16,"minecraft:wooden_sword":60,"minecraft:cobblestone":34,"minecraft:hay_block":2,"minecraft:furnace":4,"minecraft:bucket":19,"minecraft:potato":43,"minecraft:bone_meal":1,"minecraft:iron_leggings":2},"minecraft:mined":{"minecraft:grass_block":6,"minecraft:chest":1,"minecraft:cobblestone":38,"minecraft:tall_grass":1,"minecraft:hopper":5,"minecraft:hay_block":2,"minecraft:furnace":1,"minecraft:carrots":24,"minecraft:iron_ore":32,"minecraft:wheat":7,"minecraft:fire":1,"minecraft:grass":2,"minecraft:coal_ore":151,"minecraft:potatoes":2,"minecraft:oak_log":5,"minecraft:dirt_path":1,"minecraft:dirt":6,"minecraft:stone":112,"minecraft:oak_leaves":2},"minecraft:killed_by":{"minecraft:zombie":2,"minecraft:enderman":1}},"DataVersion":3465}