{"stats":{"minecraft:killed":{"minecraft:spider":1,"minecraft:skeleton":10,"minecraft:trader_llama":2,"minecraft:zombie":18,"minecraft:villager":2,"minecraft:enderman":1},"minecraft:dropped":{"minecraft:carrot":44},"minecraft:killed_by":{"minecraft:zombie":2,"minecraft:enderman":1},"minecraft:mined":{"minecraft:sculk_vein":1,"minecraft:grass_block":7,"minecraft:chest":1,"minecraft:cobblestone":38,"minecraft:tall_grass":10,"minecraft:hopper":5,"minecraft:wall_torch":1,"minecraft:hay_block":2,"minecraft:furnace":1,"minecraft:carrots":24,"minecraft:iron_ore":32,"minecraft:wheat":7,"minecraft:fire":1,"minecraft:andesite":3,"minecraft:grass":46,"minecraft:oak_log":5,"minecraft:potatoes":2,"minecraft:coal_ore":157,"minecraft:dirt_path":1,"minecraft:dirt":6,"minecraft:stone":143,"minecraft:oak_leaves":2,"minecraft:deepslate":4},"minecraft:used":{"minecraft:oak_trapdoor":4,"minecraft:wheat_seeds":12,"minecraft:water_bucket":31,"minecraft:diamond_hoe":170,"minecraft:chest":9,"minecraft:shield":45,"minecraft:stone":241,"minecraft:iron_sword":100,"minecraft:composter":4,"minecraft:oak_door":2,"minecraft:iron_chestplate":1,"minecraft:torch":142,"minecraft:dirt":15,"minecraft:rail":2,"minecraft:hopper":14,"minecraft:crafting_table":2,"minecraft:carrot":325,"minecraft:white_bed":3,"minecraft:granite":14,"minecraft:iron_hoe":20,"minecraft:glass":1,"minecraft:oak_log":2,"minecraft:diamond_pickaxe":134,"minecraft:apple":1,"minecraft:lava_bucket":12,"minecraft:villager_spawn_egg":6,"minecraft:command_block":1,"minecraft:grass_block":4,"minecraft:bread":3,"minecraft:iron_pickaxe":273,"minecraft:iron_helmet":2,"minecraft:iron_boots":2,"minecraft:hopper_minecart":2,"minecraft:gravel":3,"minecraft:stone_brick_stairs":1,"minecraft:diamond_chestplate":1,"minecraft:wooden_sword":60,"minecraft:bedrock":16,"minecraft:glowstone":2,"minecraft:cobblestone":41,"minecraft:hay_block":2,"minecraft:furnace":4,"minecraft:bucket":33,"minecraft:potato":43,"minecraft:bone_meal":1,"minecraft:iron_leggings":2},"minecraft:picked_up":{"minecraft:iron_chestplate":3,"minecraft:wheat":19,"minecraft:water_bucket":2,"minecraft:andesite":3,"minecraft:leather":1,"minecraft:lead":2,"minecraft:oak_stairs":1,"minecraft:potato":31,"minecraft:oak_log":14,"minecraft:shield":3,"minecraft:cornflower":6,"minecraft:dirt":92,"minecraft:wooden_sword":1,"minecraft:iron_leggings":3,"minecraft:bone":19,"minecraft:beetroot":4,"minecraft:bow":2,"minecraft:wheat_seeds":56,"minecraft:cobbled_deepslate":4,"minecraft:bucket":1,"minecraft:iron_ingot":107,"minecraft:iron_pickaxe":2,"minecraft:chest":4,"minecraft:iron_sword":2,"minecraft:iron_boots":3,"minecraft:furnace":3,"minecraft:stick":22,"minecraft:raw_iron":34,"minecraft:torch":3,"minecraft:carrot":76,"minecraft:iron_hoe":2,"minecraft:arrow":15,"minecraft:rotten_flesh":59,"minecraft:beetroot_seeds":8,"minecraft:iron_helmet":3,"minecraft:hay_block":2,"minecraft:bone_meal":1,"minecraft:bread":18,"minecraft:coal":249,"minecraft:hopper":5,"minecraft:cobblestone":386},"minecraft:broken":{"minecraft:wooden_sword":1},"minecraft:crafted":{"minecraft:oak_planks":532,"minecraft:crafting_table":2,"minecraft:baked_potato":2,"minecraft:iron_sword":1,"minecraft:bread":2,"minecraft:air":0,"minecraft:iron_hoe":1,"minecraft:stick":144,"minecraft:iron_ingot":25,"minecraft:iron_pickaxe":1,"minecraft:torch":300},"minecraft:custom":{"minecraft:interact_with_furnace":20,"minecraft:mob_kills":35,"minecraft:inspect_hopper":8,"minecraft:interact_with_crafting_table":8,"minecraft:interact_with_stonecutter":1,"minecraft:leave_game":4,"minecraft:time_since_death":63103,"minecraft:sleep_in_bed":1,"minecraft:time_since_rest":26204,"minecraft:sprint_one_cm":207685,"minecraft:damage_taken":2210,"minecraft:walk_one_cm":326018,"minecraft:damage_blocked_by_shield":1185,"minecraft:drop":44,"minecraft:damage_dealt":7414,"minecraft:swim_one_cm":666,"minecraft:talked_to_villager":3,"minecraft:fly_one_cm":521545,"minecraft:open_chest":52,"minecraft:play_time":197508,"minecraft:crouch_one_cm":2610,"minecraft:deaths":3,"minecraft:sneak_time":1714,"minecraft:walk_under_water_one_cm":3905,"minecraft:jump":1913,"minecraft:interact_with_blast_furnace":2,"minecraft:walk_on_water_one_cm":23777,"minecraft:total_world_time":197508,"minecraft:fall_one_cm":41279}},"DataVersion":3465}