{"stats":{"minecraft:custom":{"minecraft:interact_with_furnace":9,"minecraft:mob_kills":16,"minecraft:inspect_hopper":4,"minecraft:interact_with_crafting_table":5,"minecraft:leave_game":3,"minecraft:time_since_death":992,"minecraft:time_since_rest":1015,"minecraft:sprint_one_cm":76314,"minecraft:damage_taken":1389,"minecraft:walk_one_cm":148498,"minecraft:damage_blocked_by_shield":850,"minecraft:damage_dealt":3122,"minecraft:fly_one_cm":307429,"minecraft:open_chest":23,"minecraft:crouch_one_cm":1234,"minecraft:play_time":132110,"minecraft:deaths":2,"minecraft:sneak_time":1247,"minecraft:walk_under_water_one_cm":2808,"minecraft:jump":727,"minecraft:interact_with_blast_furnace":1,"minecraft:walk_on_water_one_cm":14751,"minecraft:total_world_time":132110,"minecraft:fall_one_cm":17468},"minecraft:picked_up":{"minecraft:iron_chestplate":1,"minecraft:wheat":7,"minecraft:water_bucket":1,"minecraft:potato":30,"minecraft:oak_stairs":1,"minecraft:oak_log":14,"minecraft:shield":2,"minecraft:cornflower":3,"minecraft:dirt":49,"minecraft:wooden_sword":1,"minecraft:iron_leggings":2,"minecraft:bone":7,"minecraft:beetroot":2,"minecraft:wheat_seeds":36,"minecraft:bucket":1,"minecraft:iron_ingot":71,"minecraft:iron_pickaxe":1,"minecraft:chest":1,"minecraft:iron_sword":1,"minecraft:iron_boots":2,"minecraft:furnace":3,"minecraft:stick":11,"minecraft:raw_iron":28,"minecraft:carrot":33,"minecraft:iron_hoe":1,"minecraft:arrow":2,"minecraft:rotten_flesh":36,"minecraft:beetroot_seeds":6,"minecraft:iron_helmet":2,"minecraft:bone_meal":1,"minecraft:bread":6,"minecraft:coal":108,"minecraft:hopper":5,"minecraft:cobblestone":232},"minecraft:killed":{"minecraft:spider":1,"minecraft:skeleton":3,"minecraft:zombie":10,"minecraft:enderman":1},"minecraft:crafted":{"minecraft:oak_planks":20,"minecraft:crafting_table":2,"minecraft:iron_sword":1,"minecraft:air":0,"minecraft:iron_hoe":1,"minecraft:stick":16,"minecraft:iron_ingot":8,"minecraft:iron_pickaxe":1},"minecraft:broken":{"minecraft:wooden_sword":1},"minecraft:used":{"minecraft:oak_trapdoor":1,"minecraft:wheat_seeds":5,"minecraft:water_bucket":24,"minecraft:chest":4,"minecraft:shield":33,"minecraft:iron_sword":17,"minecraft:stone":72,"minecraft:oak_door":2,"minecraft:iron_chestplate":1,"minecraft:dirt":14,"minecraft:crafting_table":2,"minecraft:hopper":9,"minecraft:carrot":47,"minecraft:white_bed":3,"minecraft:granite":14,"minecraft:oak_log":2,"minecraft:iron_hoe":20,"minecraft:lava_bucket":12,"minecraft:apple":1,"minecraft:command_block":1,"minecraft:iron_pickaxe":182,"minecraft:iron_helmet":2,"minecraft:iron_boots":2,"minecraft:gravel":3,"minecraft:stone_brick_stairs":1,"minecraft:bedrock":16,"minecraft:wooden_sword":60,"minecraft:cobblestone":26,"minecraft:furnace":4,"minecraft:bucket":19,"minecraft:potato":43,"minecraft:bone_meal":1,"minecraft:iron_leggings":2},"minecraft:mined":{"minecraft:grass_block":5,"minecraft:cobblestone":12,"minecraft:tall_grass":1,"minecraft:hopper":5,"minecraft:furnace":1,"minecraft:carrots":10,"minecraft:iron_ore":28,"minecraft:wheat":5,"minecraft:fire":1,"minecraft:grass":2,"minecraft:coal_ore":45,"minecraft:potatoes":2,"minecraft:oak_log":5,"minecraft:dirt_path":1,"minecraft:dirt":2,"minecraft:stone":83,"minecraft:oak_leaves":2},"minecraft:killed_by":{"minecraft:zombie":1,"minecraft:enderman":1}},"DataVersion":3465}