{"stats":{"minecraft:mined":{"minecraft:oak_log":3},"minecraft:used":{"minecraft:bedrock":14,"minecraft:command_block":1},"minecraft:picked_up":{"minecraft:oak_log":3},"minecraft:custom":{"minecraft:jump":15,"minecraft:time_since_rest":32683,"minecraft:leave_game":2,"minecraft:play_time":32683,"minecraft:sprint_one_cm":2513,"minecraft:time_since_death":32683,"minecraft:walk_one_cm":9900,"minecraft:sneak_time":83,"minecraft:total_world_time":32683,"minecraft:fly_one_cm":36521}},"DataVersion":3465}